{
  "questProgress:9": {
    "0:10": {
      "completed:9": {},
      "tasks:9": {
        "0:10": {
          "completeUsers:9": {},
          "userProgress:9": {},
          "taskID:8": "bq_standard:retrieval",
          "index:3": 1
        }
      },
      "questID:3": 0
    },
    "1:10": {
      "completed:9": {},
      "tasks:9": {
        "0:10": {
          "completeUsers:9": {},
          "userProgress:9": {},
          "taskID:8": "bq_standard:retrieval",
          "index:3": 0
        }
      },
      "questID:3": 1
    },
    "2:10": {
      "completed:9": {},
      "tasks:9": {
        "0:10": {
          "completeUsers:9": {},
          "userProgress:9": {},
          "taskID:8": "bq_standard:hunt",
          "index:3": 1
        }
      },
      "questID:3": 2
    },
    "3:10": {
      "completed:9": {},
      "tasks:9": {
        "0:10": {
          "completeUsers:9": {},
          "userProgress:9": {},
          "taskID:8": "bq_standard:retrieval",
          "index:3": 0
        }
      },
      "questID:3": 3
    },
    "4:10": {
      "completed:9": {},
      "tasks:9": {
        "0:10": {
          "completeUsers:9": {},
          "userProgress:9": {},
          "taskID:8": "bq_standard:retrieval",
          "index:3": 0
        }
      },
      "questID:3": 4
    },
    "5:10": {
      "completed:9": {},
      "tasks:9": {
        "0:10": {
          "completeUsers:9": {},
          "userProgress:9": {},
          "taskID:8": "bq_standard:retrieval",
          "index:3": 0
        }
      },
      "questID:3": 5
    },
    "6:10": {
      "completed:9": {},
      "tasks:9": {
        "0:10": {
          "completeUsers:9": {},
          "userProgress:9": {},
          "taskID:8": "bq_standard:hunt",
          "index:3": 0
        }
      },
      "questID:3": 6
    },
    "7:10": {
      "completed:9": {},
      "tasks:9": {
        "0:10": {
          "completeUsers:9": {},
          "userProgress:9": {},
          "taskID:8": "bq_standard:retrieval",
          "index:3": 0
        },
        "1:10": {
          "completeUsers:9": {},
          "userProgress:9": {},
          "taskID:8": "bq_standard:retrieval",
          "index:3": 1
        }
      },
      "questID:3": 7
    },
    "8:10": {
      "completed:9": {},
      "tasks:9": {
        "0:10": {
          "completeUsers:9": {},
          "userProgress:9": {},
          "taskID:8": "bq_standard:hunt",
          "index:3": 1
        }
      },
      "questID:3": 8
    },
    "9:10": {
      "completed:9": {},
      "tasks:9": {
        "0:10": {
          "completeUsers:9": {},
          "userProgress:9": {},
          "taskID:8": "bq_standard:retrieval",
          "index:3": 0
        },
        "1:10": {
          "completeUsers:9": {},
          "userProgress:9": {},
          "taskID:8": "bq_standard:retrieval",
          "index:3": 1
        }
      },
      "questID:3": 9
    },
    "10:10": {
      "completed:9": {},
      "tasks:9": {
        "0:10": {
          "completeUsers:9": {},
          "userProgress:9": {},
          "taskID:8": "bq_standard:retrieval",
          "index:3": 0
        },
        "1:10": {
          "completeUsers:9": {},
          "userProgress:9": {},
          "taskID:8": "bq_standard:retrieval",
          "index:3": 1
        },
        "2:10": {
          "completeUsers:9": {},
          "userProgress:9": {},
          "taskID:8": "bq_standard:retrieval",
          "index:3": 2
        },
        "3:10": {
          "completeUsers:9": {},
          "userProgress:9": {},
          "taskID:8": "bq_standard:retrieval",
          "index:3": 3
        },
        "4:10": {
          "completeUsers:9": {},
          "userProgress:9": {},
          "taskID:8": "bq_standard:retrieval",
          "index:3": 4
        },
        "5:10": {
          "completeUsers:9": {},
          "userProgress:9": {},
          "taskID:8": "bq_standard:retrieval",
          "index:3": 5
        },
        "6:10": {
          "completeUsers:9": {},
          "userProgress:9": {},
          "taskID:8": "bq_standard:retrieval",
          "index:3": 6
        },
        "7:10": {
          "completeUsers:9": {},
          "userProgress:9": {},
          "taskID:8": "bq_standard:retrieval",
          "index:3": 7
        }
      },
      "questID:3": 10
    },
    "11:10": {
      "completed:9": {},
      "tasks:9": {
        "0:10": {
          "completeUsers:9": {},
          "userProgress:9": {},
          "taskID:8": "bq_standard:retrieval",
          "index:3": 0
        }
      },
      "questID:3": 11
    },
    "12:10": {
      "completed:9": {},
      "tasks:9": {
        "0:10": {
          "completeUsers:9": {},
          "userProgress:9": {},
          "taskID:8": "bq_standard:hunt",
          "index:3": 0
        }
      },
      "questID:3": 12
    },
    "13:10": {
      "completed:9": {},
      "tasks:9": {
        "0:10": {
          "completeUsers:9": {},
          "userProgress:9": {},
          "taskID:8": "bq_standard:retrieval",
          "index:3": 0
        }
      },
      "questID:3": 13
    },
    "14:10": {
      "completed:9": {},
      "tasks:9": {
        "0:10": {
          "completeUsers:9": {},
          "userProgress:9": {},
          "taskID:8": "bq_standard:hunt",
          "index:3": 1
        }
      },
      "questID:3": 14
    },
    "15:10": {
      "completed:9": {},
      "tasks:9": {
        "0:10": {
          "completeUsers:9": {},
          "userProgress:9": {},
          "taskID:8": "bq_standard:retrieval",
          "index:3": 0
        }
      },
      "questID:3": 15
    },
    "16:10": {
      "completed:9": {},
      "tasks:9": {
        "0:10": {
          "completeUsers:9": {},
          "userProgress:9": {},
          "taskID:8": "bq_standard:retrieval",
          "index:3": 0
        }
      },
      "questID:3": 16
    },
    "17:10": {
      "completed:9": {},
      "tasks:9": {
        "0:10": {
          "completeUsers:9": {},
          "userProgress:9": {},
          "taskID:8": "bq_standard:retrieval",
          "index:3": 0
        }
      },
      "questID:3": 17
    },
    "18:10": {
      "completed:9": {},
      "tasks:9": {
        "0:10": {
          "completeUsers:9": {},
          "userProgress:9": {},
          "taskID:8": "bq_standard:retrieval",
          "index:3": 1
        }
      },
      "questID:3": 18
    },
    "19:10": {
      "completed:9": {},
      "tasks:9": {
        "0:10": {
          "completeUsers:9": {},
          "userProgress:9": {},
          "taskID:8": "bq_standard:retrieval",
          "index:3": 0
        }
      },
      "questID:3": 19
    },
    "20:10": {
      "completed:9": {},
      "tasks:9": {
        "0:10": {
          "completeUsers:9": {},
          "userProgress:9": {},
          "taskID:8": "bq_standard:hunt",
          "index:3": 0
        }
      },
      "questID:3": 20
    },
    "21:10": {
      "completed:9": {},
      "tasks:9": {
        "0:10": {
          "completeUsers:9": {},
          "userProgress:9": {},
          "taskID:8": "bq_standard:retrieval",
          "index:3": 0
        },
        "1:10": {
          "completeUsers:9": {},
          "userProgress:9": {},
          "taskID:8": "bq_standard:retrieval",
          "index:3": 1
        },
        "2:10": {
          "completeUsers:9": {},
          "userProgress:9": {},
          "taskID:8": "bq_standard:retrieval",
          "index:3": 2
        },
        "3:10": {
          "completeUsers:9": {},
          "userProgress:9": {},
          "taskID:8": "bq_standard:retrieval",
          "index:3": 3
        }
      },
      "questID:3": 21
    },
    "22:10": {
      "completed:9": {},
      "tasks:9": {
        "0:10": {
          "completeUsers:9": {},
          "userProgress:9": {},
          "taskID:8": "bq_standard:retrieval",
          "index:3": 0
        }
      },
      "questID:3": 22
    },
    "23:10": {
      "completed:9": {},
      "tasks:9": {
        "0:10": {
          "completeUsers:9": {},
          "userProgress:9": {},
          "taskID:8": "bq_standard:retrieval",
          "index:3": 0
        }
      },
      "questID:3": 23
    },
    "24:10": {
      "completed:9": {},
      "tasks:9": {
        "0:10": {
          "completeUsers:9": {},
          "userProgress:9": {},
          "taskID:8": "bq_standard:hunt",
          "index:3": 0
        }
      },
      "questID:3": 24
    },
    "25:10": {
      "completed:9": {},
      "tasks:9": {
        "0:10": {
          "completeUsers:9": {},
          "userProgress:9": {},
          "taskID:8": "bq_standard:retrieval",
          "index:3": 1
        }
      },
      "questID:3": 25
    },
    "26:10": {
      "completed:9": {},
      "tasks:9": {
        "0:10": {
          "completeUsers:9": {},
          "userProgress:9": {},
          "taskID:8": "bq_standard:retrieval",
          "index:3": 1
        }
      },
      "questID:3": 26
    },
    "27:10": {
      "completed:9": {},
      "tasks:9": {
        "0:10": {
          "completeUsers:9": {},
          "userProgress:9": {},
          "taskID:8": "bq_standard:retrieval",
          "index:3": 0
        }
      },
      "questID:3": 27
    },
    "28:10": {
      "completed:9": {},
      "tasks:9": {
        "0:10": {
          "completeUsers:9": {},
          "userProgress:9": {},
          "taskID:8": "bq_standard:retrieval",
          "index:3": 0
        }
      },
      "questID:3": 28
    },
    "29:10": {
      "completed:9": {},
      "tasks:9": {
        "0:10": {
          "completeUsers:9": {},
          "userProgress:9": {},
          "taskID:8": "bq_standard:retrieval",
          "index:3": 0
        },
        "1:10": {
          "completeUsers:9": {},
          "userProgress:9": {},
          "taskID:8": "bq_standard:retrieval",
          "index:3": 1
        },
        "2:10": {
          "completeUsers:9": {},
          "userProgress:9": {},
          "taskID:8": "bq_standard:retrieval",
          "index:3": 2
        },
        "3:10": {
          "completeUsers:9": {},
          "userProgress:9": {},
          "taskID:8": "bq_standard:retrieval",
          "index:3": 3
        }
      },
      "questID:3": 29
    },
    "30:10": {
      "completed:9": {},
      "tasks:9": {
        "0:10": {
          "completeUsers:9": {},
          "taskID:8": "bq_standard:location",
          "index:3": 0
        }
      },
      "questID:3": 30
    },
    "31:10": {
      "completed:9": {},
      "tasks:9": {
        "0:10": {
          "completeUsers:9": {},
          "taskID:8": "bq_standard:location",
          "index:3": 0
        }
      },
      "questID:3": 31
    },
    "32:10": {
      "completed:9": {},
      "tasks:9": {
        "0:10": {
          "completeUsers:9": {},
          "userProgress:9": {},
          "taskID:8": "bq_standard:retrieval",
          "index:3": 0
        }
      },
      "questID:3": 32
    },
    "33:10": {
      "completed:9": {},
      "tasks:9": {
        "0:10": {
          "completeUsers:9": {},
          "userProgress:9": {},
          "taskID:8": "bq_standard:retrieval",
          "index:3": 1
        }
      },
      "questID:3": 33
    },
    "34:10": {
      "completed:9": {},
      "tasks:9": {
        "0:10": {
          "completeUsers:9": {},
          "userProgress:9": {},
          "taskID:8": "bq_standard:retrieval",
          "index:3": 0
        }
      },
      "questID:3": 34
    },
    "35:10": {
      "completed:9": {},
      "tasks:9": {
        "0:10": {
          "completeUsers:9": {},
          "userProgress:9": {},
          "taskID:8": "bq_standard:hunt",
          "index:3": 0
        }
      },
      "questID:3": 35
    },
    "36:10": {
      "completed:9": {},
      "tasks:9": {
        "0:10": {
          "completeUsers:9": {},
          "userProgress:9": {},
          "taskID:8": "bq_standard:retrieval",
          "index:3": 1
        }
      },
      "questID:3": 36
    },
    "37:10": {
      "completed:9": {},
      "tasks:9": {
        "0:10": {
          "completeUsers:9": {},
          "userProgress:9": {},
          "taskID:8": "bq_standard:hunt",
          "index:3": 0
        }
      },
      "questID:3": 37
    },
    "38:10": {
      "completed:9": {},
      "tasks:9": {
        "0:10": {
          "completeUsers:9": {},
          "userProgress:9": {},
          "taskID:8": "bq_standard:retrieval",
          "index:3": 0
        },
        "1:10": {
          "completeUsers:9": {},
          "taskID:8": "bq_standard:location",
          "index:3": 1
        }
      },
      "questID:3": 38
    },
    "39:10": {
      "completed:9": {},
      "tasks:9": {
        "0:10": {
          "completeUsers:9": {},
          "userProgress:9": {},
          "taskID:8": "bq_standard:retrieval",
          "index:3": 1
        }
      },
      "questID:3": 39
    },
    "40:10": {
      "completed:9": {},
      "tasks:9": {
        "0:10": {
          "completeUsers:9": {},
          "userProgress:9": {},
          "taskID:8": "bq_standard:retrieval",
          "index:3": 0
        },
        "1:10": {
          "completeUsers:9": {},
          "userProgress:9": {},
          "taskID:8": "bq_standard:retrieval",
          "index:3": 1
        }
      },
      "questID:3": 40
    },
    "41:10": {
      "completed:9": {},
      "tasks:9": {
        "0:10": {
          "completeUsers:9": {},
          "userProgress:9": {},
          "taskID:8": "bq_standard:retrieval",
          "index:3": 0
        }
      },
      "questID:3": 41
    },
    "42:10": {
      "completed:9": {},
      "tasks:9": {
        "0:10": {
          "completeUsers:9": {},
          "userProgress:9": {},
          "taskID:8": "bq_standard:retrieval",
          "index:3": 0
        }
      },
      "questID:3": 42
    },
    "43:10": {
      "completed:9": {},
      "tasks:9": {
        "0:10": {
          "completeUsers:9": {},
          "userProgress:9": {},
          "taskID:8": "bq_standard:retrieval",
          "index:3": 0
        }
      },
      "questID:3": 43
    },
    "44:10": {
      "completed:9": {},
      "tasks:9": {
        "0:10": {
          "completeUsers:9": {},
          "userProgress:9": {},
          "taskID:8": "bq_standard:retrieval",
          "index:3": 0
        }
      },
      "questID:3": 44
    },
    "45:10": {
      "completed:9": {},
      "tasks:9": {
        "0:10": {
          "completeUsers:9": {},
          "userProgress:9": {},
          "taskID:8": "bq_standard:retrieval",
          "index:3": 0
        }
      },
      "questID:3": 45
    },
    "46:10": {
      "completed:9": {},
      "tasks:9": {
        "0:10": {
          "completeUsers:9": {},
          "userProgress:9": {},
          "taskID:8": "bq_standard:retrieval",
          "index:3": 0
        }
      },
      "questID:3": 46
    },
    "47:10": {
      "completed:9": {},
      "tasks:9": {
        "0:10": {
          "completeUsers:9": {},
          "userProgress:9": {},
          "taskID:8": "bq_standard:retrieval",
          "index:3": 0
        }
      },
      "questID:3": 47
    },
    "48:10": {
      "completed:9": {},
      "tasks:9": {
        "0:10": {
          "completeUsers:9": {},
          "userProgress:9": {},
          "taskID:8": "bq_standard:retrieval",
          "index:3": 0
        }
      },
      "questID:3": 48
    },
    "49:10": {
      "completed:9": {},
      "tasks:9": {
        "0:10": {
          "completeUsers:9": {},
          "userProgress:9": {},
          "taskID:8": "bq_standard:retrieval",
          "index:3": 0
        }
      },
      "questID:3": 49
    },
    "50:10": {
      "completed:9": {},
      "tasks:9": {
        "0:10": {
          "completeUsers:9": {},
          "userProgress:9": {},
          "taskID:8": "bq_standard:retrieval",
          "index:3": 0
        },
        "1:10": {
          "completeUsers:9": {},
          "userProgress:9": {},
          "taskID:8": "bq_standard:retrieval",
          "index:3": 1
        },
        "2:10": {
          "completeUsers:9": {},
          "userProgress:9": {},
          "taskID:8": "bq_standard:retrieval",
          "index:3": 2
        },
        "3:10": {
          "completeUsers:9": {},
          "userProgress:9": {},
          "taskID:8": "bq_standard:retrieval",
          "index:3": 3
        },
        "4:10": {
          "completeUsers:9": {},
          "userProgress:9": {},
          "taskID:8": "bq_standard:retrieval",
          "index:3": 4
        }
      },
      "questID:3": 50
    },
    "51:10": {
      "completed:9": {},
      "tasks:9": {
        "0:10": {
          "completeUsers:9": {},
          "userProgress:9": {},
          "taskID:8": "bq_standard:hunt",
          "index:3": 0
        }
      },
      "questID:3": 51
    },
    "52:10": {
      "completed:9": {},
      "tasks:9": {
        "0:10": {
          "completeUsers:9": {},
          "userProgress:9": {},
          "taskID:8": "bq_standard:retrieval",
          "index:3": 0
        }
      },
      "questID:3": 52
    },
    "53:10": {
      "completed:9": {},
      "tasks:9": {
        "0:10": {
          "completeUsers:9": {},
          "userProgress:9": {},
          "taskID:8": "bq_standard:retrieval",
          "index:3": 0
        }
      },
      "questID:3": 53
    },
    "54:10": {
      "completed:9": {},
      "tasks:9": {
        "0:10": {
          "completeUsers:9": {},
          "userProgress:9": {},
          "taskID:8": "bq_standard:retrieval",
          "index:3": 0
        }
      },
      "questID:3": 54
    },
    "55:10": {
      "completed:9": {},
      "tasks:9": {
        "0:10": {
          "completeUsers:9": {},
          "userProgress:9": {},
          "taskID:8": "bq_standard:retrieval",
          "index:3": 0
        }
      },
      "questID:3": 55
    },
    "56:10": {
      "completed:9": {},
      "tasks:9": {
        "0:10": {
          "completeUsers:9": {},
          "userProgress:9": {},
          "taskID:8": "bq_standard:retrieval",
          "index:3": 0
        }
      },
      "questID:3": 56
    },
    "57:10": {
      "completed:9": {},
      "tasks:9": {
        "0:10": {
          "completeUsers:9": {},
          "userProgress:9": {},
          "taskID:8": "bq_standard:retrieval",
          "index:3": 0
        }
      },
      "questID:3": 57
    },
    "58:10": {
      "completed:9": {},
      "tasks:9": {
        "0:10": {
          "completeUsers:9": {},
          "userProgress:9": {},
          "taskID:8": "bq_standard:hunt",
          "index:3": 0
        }
      },
      "questID:3": 58
    },
    "59:10": {
      "completed:9": {},
      "tasks:9": {
        "0:10": {
          "completeUsers:9": {},
          "taskID:8": "bq_standard:checkbox",
          "index:3": 0
        }
      },
      "questID:3": 59
    },
    "60:10": {
      "completed:9": {},
      "tasks:9": {
        "0:10": {
          "completeUsers:9": {},
          "userProgress:9": {},
          "taskID:8": "bq_standard:hunt",
          "index:3": 0
        }
      },
      "questID:3": 60
    },
    "61:10": {
      "completed:9": {},
      "tasks:9": {
        "0:10": {
          "completeUsers:9": {},
          "userProgress:9": {},
          "taskID:8": "bq_standard:retrieval",
          "index:3": 0
        }
      },
      "questID:3": 61
    },
    "62:10": {
      "completed:9": {},
      "tasks:9": {
        "0:10": {
          "completeUsers:9": {},
          "userProgress:9": {},
          "taskID:8": "bq_standard:retrieval",
          "index:3": 0
        }
      },
      "questID:3": 62
    },
    "63:10": {
      "completed:9": {},
      "tasks:9": {
        "0:10": {
          "completeUsers:9": {},
          "userProgress:9": {},
          "taskID:8": "bq_standard:retrieval",
          "index:3": 0
        }
      },
      "questID:3": 63
    },
    "64:10": {
      "completed:9": {},
      "tasks:9": {
        "0:10": {
          "completeUsers:9": {},
          "userProgress:9": {},
          "taskID:8": "bq_standard:retrieval",
          "index:3": 0
        }
      },
      "questID:3": 64
    },
    "65:10": {
      "completed:9": {},
      "tasks:9": {
        "0:10": {
          "completeUsers:9": {},
          "userProgress:9": {},
          "taskID:8": "bq_standard:retrieval",
          "index:3": 0
        }
      },
      "questID:3": 65
    },
    "66:10": {
      "completed:9": {},
      "tasks:9": {
        "0:10": {
          "completeUsers:9": {},
          "userProgress:9": {},
          "taskID:8": "bq_standard:retrieval",
          "index:3": 0
        }
      },
      "questID:3": 66
    },
    "67:10": {
      "completed:9": {},
      "tasks:9": {
        "0:10": {
          "completeUsers:9": {},
          "userProgress:9": {},
          "taskID:8": "bq_standard:retrieval",
          "index:3": 0
        }
      },
      "questID:3": 67
    },
    "68:10": {
      "completed:9": {},
      "tasks:9": {
        "0:10": {
          "completeUsers:9": {},
          "userProgress:9": {},
          "taskID:8": "bq_standard:retrieval",
          "index:3": 0
        }
      },
      "questID:3": 68
    },
    "69:10": {
      "completed:9": {},
      "tasks:9": {
        "0:10": {
          "completeUsers:9": {},
          "userProgress:9": {},
          "taskID:8": "bq_standard:retrieval",
          "index:3": 0
        },
        "1:10": {
          "completeUsers:9": {},
          "userProgress:9": {},
          "taskID:8": "bq_standard:retrieval",
          "index:3": 1
        }
      },
      "questID:3": 69
    },
    "70:10": {
      "completed:9": {},
      "tasks:9": {
        "0:10": {
          "completeUsers:9": {},
          "userProgress:9": {},
          "taskID:8": "bq_standard:retrieval",
          "index:3": 0
        }
      },
      "questID:3": 70
    },
    "71:10": {
      "completed:9": {},
      "tasks:9": {
        "0:10": {
          "completeUsers:9": {},
          "userProgress:9": {},
          "taskID:8": "bq_standard:retrieval",
          "index:3": 0
        }
      },
      "questID:3": 71
    },
    "72:10": {
      "completed:9": {},
      "tasks:9": {
        "0:10": {
          "completeUsers:9": {},
          "userProgress:9": {},
          "taskID:8": "bq_standard:retrieval",
          "index:3": 0
        },
        "1:10": {
          "completeUsers:9": {},
          "userProgress:9": {},
          "taskID:8": "bq_standard:retrieval",
          "index:3": 1
        },
        "2:10": {
          "completeUsers:9": {},
          "userProgress:9": {},
          "taskID:8": "bq_standard:retrieval",
          "index:3": 2
        },
        "3:10": {
          "completeUsers:9": {},
          "userProgress:9": {},
          "taskID:8": "bq_standard:retrieval",
          "index:3": 3
        },
        "4:10": {
          "completeUsers:9": {},
          "userProgress:9": {},
          "taskID:8": "bq_standard:retrieval",
          "index:3": 4
        },
        "5:10": {
          "completeUsers:9": {},
          "userProgress:9": {},
          "taskID:8": "bq_standard:retrieval",
          "index:3": 5
        },
        "6:10": {
          "completeUsers:9": {},
          "userProgress:9": {},
          "taskID:8": "bq_standard:retrieval",
          "index:3": 6
        }
      },
      "questID:3": 72
    },
    "73:10": {
      "completed:9": {},
      "tasks:9": {
        "0:10": {
          "completeUsers:9": {},
          "userProgress:9": {},
          "taskID:8": "bq_standard:retrieval",
          "index:3": 0
        }
      },
      "questID:3": 73
    },
    "74:10": {
      "completed:9": {},
      "tasks:9": {
        "0:10": {
          "completeUsers:9": {},
          "userProgress:9": {},
          "taskID:8": "bq_standard:retrieval",
          "index:3": 0
        }
      },
      "questID:3": 74
    },
    "75:10": {
      "completed:9": {},
      "tasks:9": {
        "0:10": {
          "completeUsers:9": {},
          "userProgress:9": {},
          "taskID:8": "bq_standard:retrieval",
          "index:3": 0
        }
      },
      "questID:3": 75
    },
    "76:10": {
      "completed:9": {},
      "tasks:9": {
        "0:10": {
          "completeUsers:9": {},
          "userProgress:9": {},
          "taskID:8": "bq_standard:retrieval",
          "index:3": 0
        }
      },
      "questID:3": 76
    },
    "77:10": {
      "completed:9": {},
      "tasks:9": {
        "0:10": {
          "completeUsers:9": {},
          "userProgress:9": {},
          "taskID:8": "bq_standard:retrieval",
          "index:3": 0
        }
      },
      "questID:3": 77
    },
    "78:10": {
      "completed:9": {},
      "tasks:9": {
        "0:10": {
          "completeUsers:9": {},
          "userProgress:9": {},
          "taskID:8": "bq_standard:retrieval",
          "index:3": 1
        }
      },
      "questID:3": 78
    },
    "79:10": {
      "completed:9": {},
      "tasks:9": {
        "0:10": {
          "completeUsers:9": {},
          "userProgress:9": {},
          "taskID:8": "bq_standard:retrieval",
          "index:3": 1
        }
      },
      "questID:3": 79
    },
    "80:10": {
      "completed:9": {},
      "tasks:9": {
        "0:10": {
          "completeUsers:9": {},
          "userProgress:9": {},
          "taskID:8": "bq_standard:retrieval",
          "index:3": 1
        }
      },
      "questID:3": 80
    },
    "81:10": {
      "completed:9": {},
      "tasks:9": {
        "0:10": {
          "completeUsers:9": {},
          "userProgress:9": {},
          "taskID:8": "bq_standard:retrieval",
          "index:3": 1
        }
      },
      "questID:3": 81
    },
    "82:10": {
      "completed:9": {},
      "tasks:9": {
        "0:10": {
          "completeUsers:9": {},
          "userProgress:9": {},
          "taskID:8": "bq_standard:retrieval",
          "index:3": 1
        }
      },
      "questID:3": 82
    },
    "83:10": {
      "completed:9": {},
      "tasks:9": {
        "0:10": {
          "completeUsers:9": {},
          "userProgress:9": {},
          "taskID:8": "bq_standard:retrieval",
          "index:3": 1
        }
      },
      "questID:3": 83
    },
    "84:10": {
      "completed:9": {},
      "tasks:9": {
        "0:10": {
          "completeUsers:9": {},
          "userProgress:9": {},
          "taskID:8": "bq_standard:retrieval",
          "index:3": 0
        },
        "1:10": {
          "completeUsers:9": {},
          "userProgress:9": {},
          "taskID:8": "bq_standard:retrieval",
          "index:3": 1
        }
      },
      "questID:3": 84
    },
    "85:10": {
      "completed:9": {},
      "tasks:9": {
        "0:10": {
          "completeUsers:9": {},
          "userProgress:9": {},
          "taskID:8": "bq_standard:retrieval",
          "index:3": 0
        },
        "1:10": {
          "completeUsers:9": {},
          "userProgress:9": {},
          "taskID:8": "bq_standard:retrieval",
          "index:3": 1
        }
      },
      "questID:3": 85
    },
    "86:10": {
      "completed:9": {},
      "tasks:9": {
        "0:10": {
          "completeUsers:9": {},
          "userProgress:9": {},
          "taskID:8": "bq_standard:retrieval",
          "index:3": 1
        }
      },
      "questID:3": 86
    },
    "87:10": {
      "completed:9": {},
      "tasks:9": {
        "0:10": {
          "completeUsers:9": {},
          "userProgress:9": {},
          "taskID:8": "bq_standard:retrieval",
          "index:3": 1
        }
      },
      "questID:3": 87
    },
    "88:10": {
      "completed:9": {},
      "tasks:9": {
        "0:10": {
          "completeUsers:9": {},
          "userProgress:9": {},
          "taskID:8": "bq_standard:retrieval",
          "index:3": 1
        },
        "1:10": {
          "completeUsers:9": {},
          "userProgress:9": {},
          "taskID:8": "bq_standard:retrieval",
          "index:3": 2
        }
      },
      "questID:3": 88
    },
    "89:10": {
      "completed:9": {},
      "tasks:9": {
        "0:10": {
          "completeUsers:9": {},
          "userProgress:9": {},
          "taskID:8": "bq_standard:retrieval",
          "index:3": 1
        }
      },
      "questID:3": 89
    },
    "90:10": {
      "completed:9": {},
      "tasks:9": {
        "0:10": {
          "completeUsers:9": {},
          "userProgress:9": {},
          "taskID:8": "bq_standard:retrieval",
          "index:3": 1
        }
      },
      "questID:3": 90
    },
    "91:10": {
      "completed:9": {},
      "tasks:9": {
        "0:10": {
          "completeUsers:9": {},
          "userProgress:9": {},
          "taskID:8": "bq_standard:retrieval",
          "index:3": 1
        }
      },
      "questID:3": 91
    },
    "92:10": {
      "completed:9": {},
      "tasks:9": {
        "0:10": {
          "completeUsers:9": {},
          "userProgress:9": {},
          "taskID:8": "bq_standard:retrieval",
          "index:3": 0
        },
        "1:10": {
          "completeUsers:9": {},
          "userProgress:9": {},
          "taskID:8": "bq_standard:retrieval",
          "index:3": 1
        }
      },
      "questID:3": 92
    },
    "93:10": {
      "completed:9": {},
      "tasks:9": {
        "0:10": {
          "completeUsers:9": {},
          "userProgress:9": {},
          "taskID:8": "bq_standard:retrieval",
          "index:3": 1
        }
      },
      "questID:3": 93
    },
    "94:10": {
      "completed:9": {},
      "tasks:9": {
        "0:10": {
          "completeUsers:9": {},
          "userProgress:9": {},
          "taskID:8": "bq_standard:retrieval",
          "index:3": 1
        }
      },
      "questID:3": 94
    },
    "95:10": {
      "completed:9": {},
      "tasks:9": {
        "0:10": {
          "completeUsers:9": {},
          "userProgress:9": {},
          "taskID:8": "bq_standard:retrieval",
          "index:3": 1
        }
      },
      "questID:3": 95
    },
    "96:10": {
      "completed:9": {},
      "tasks:9": {
        "0:10": {
          "completeUsers:9": {},
          "userProgress:9": {},
          "taskID:8": "bq_standard:retrieval",
          "index:3": 1
        }
      },
      "questID:3": 96
    },
    "97:10": {
      "completed:9": {},
      "tasks:9": {
        "0:10": {
          "completeUsers:9": {},
          "userProgress:9": {},
          "taskID:8": "bq_standard:retrieval",
          "index:3": 0
        },
        "1:10": {
          "completeUsers:9": {},
          "userProgress:9": {},
          "taskID:8": "bq_standard:retrieval",
          "index:3": 1
        }
      },
      "questID:3": 97
    },
    "98:10": {
      "completed:9": {},
      "tasks:9": {
        "0:10": {
          "completeUsers:9": {},
          "userProgress:9": {},
          "taskID:8": "bq_standard:retrieval",
          "index:3": 1
        }
      },
      "questID:3": 98
    },
    "99:10": {
      "completed:9": {},
      "tasks:9": {
        "0:10": {
          "completeUsers:9": {},
          "userProgress:9": {},
          "taskID:8": "bq_standard:retrieval",
          "index:3": 1
        }
      },
      "questID:3": 99
    },
    "100:10": {
      "completed:9": {},
      "tasks:9": {
        "0:10": {
          "completeUsers:9": {},
          "userProgress:9": {},
          "taskID:8": "bq_standard:retrieval",
          "index:3": 1
        }
      },
      "questID:3": 100
    },
    "101:10": {
      "completed:9": {},
      "tasks:9": {
        "0:10": {
          "completeUsers:9": {},
          "userProgress:9": {},
          "taskID:8": "bq_standard:retrieval",
          "index:3": 1
        }
      },
      "questID:3": 101
    },
    "102:10": {
      "completed:9": {},
      "tasks:9": {
        "0:10": {
          "completeUsers:9": {},
          "userProgress:9": {},
          "taskID:8": "bq_standard:retrieval",
          "index:3": 0
        },
        "1:10": {
          "completeUsers:9": {},
          "userProgress:9": {},
          "taskID:8": "bq_standard:retrieval",
          "index:3": 1
        }
      },
      "questID:3": 102
    },
    "103:10": {
      "completed:9": {},
      "tasks:9": {
        "0:10": {
          "completeUsers:9": {},
          "userProgress:9": {},
          "taskID:8": "bq_standard:retrieval",
          "index:3": 1
        }
      },
      "questID:3": 103
    },
    "104:10": {
      "completed:9": {},
      "tasks:9": {
        "0:10": {
          "completeUsers:9": {},
          "userProgress:9": {},
          "taskID:8": "bq_standard:retrieval",
          "index:3": 0
        }
      },
      "questID:3": 104
    },
    "105:10": {
      "completed:9": {},
      "tasks:9": {
        "0:10": {
          "completeUsers:9": {},
          "userProgress:9": {},
          "taskID:8": "bq_standard:retrieval",
          "index:3": 0
        }
      },
      "questID:3": 105
    },
    "106:10": {
      "completed:9": {},
      "tasks:9": {
        "0:10": {
          "completeUsers:9": {},
          "userProgress:9": {},
          "taskID:8": "bq_standard:retrieval",
          "index:3": 0
        }
      },
      "questID:3": 106
    },
    "107:10": {
      "completed:9": {},
      "tasks:9": {
        "0:10": {
          "completeUsers:9": {},
          "userProgress:9": {},
          "taskID:8": "bq_standard:hunt",
          "index:3": 0
        }
      },
      "questID:3": 107
    },
    "108:10": {
      "completed:9": {},
      "tasks:9": {
        "0:10": {
          "completeUsers:9": {},
          "userProgress:9": {},
          "taskID:8": "bq_standard:retrieval",
          "index:3": 0
        }
      },
      "questID:3": 108
    },
    "109:10": {
      "completed:9": {},
      "tasks:9": {
        "0:10": {
          "completeUsers:9": {},
          "userProgress:9": {},
          "taskID:8": "bq_standard:retrieval",
          "index:3": 0
        }
      },
      "questID:3": 109
    },
    "110:10": {
      "completed:9": {},
      "tasks:9": {
        "0:10": {
          "completeUsers:9": {},
          "userProgress:9": {},
          "taskID:8": "bq_standard:retrieval",
          "index:3": 0
        }
      },
      "questID:3": 110
    },
    "111:10": {
      "completed:9": {},
      "tasks:9": {
        "0:10": {
          "completeUsers:9": {},
          "userProgress:9": {},
          "taskID:8": "bq_standard:retrieval",
          "index:3": 0
        }
      },
      "questID:3": 111
    },
    "112:10": {
      "completed:9": {},
      "tasks:9": {
        "0:10": {
          "completeUsers:9": {},
          "userProgress:9": {},
          "taskID:8": "bq_standard:retrieval",
          "index:3": 1
        }
      },
      "questID:3": 112
    },
    "113:10": {
      "completed:9": {},
      "tasks:9": {
        "0:10": {
          "completeUsers:9": {},
          "userProgress:9": {},
          "taskID:8": "bq_standard:retrieval",
          "index:3": 1
        }
      },
      "questID:3": 113
    },
    "114:10": {
      "completed:9": {},
      "tasks:9": {
        "0:10": {
          "completeUsers:9": {},
          "userProgress:9": {},
          "taskID:8": "bq_standard:retrieval",
          "index:3": 0
        }
      },
      "questID:3": 114
    },
    "115:10": {
      "completed:9": {},
      "tasks:9": {
        "0:10": {
          "completeUsers:9": {},
          "taskID:8": "bq_standard:checkbox",
          "index:3": 0
        }
      },
      "questID:3": 115
    },
    "116:10": {
      "completed:9": {},
      "tasks:9": {
        "0:10": {
          "completeUsers:9": {},
          "taskID:8": "bq_standard:checkbox",
          "index:3": 0
        }
      },
      "questID:3": 116
    },
    "117:10": {
      "completed:9": {},
      "tasks:9": {
        "0:10": {
          "completeUsers:9": {},
          "userProgress:9": {},
          "taskID:8": "bq_standard:retrieval",
          "index:3": 1
        }
      },
      "questID:3": 117
    },
    "118:10": {
      "completed:9": {},
      "tasks:9": {
        "0:10": {
          "completeUsers:9": {},
          "userProgress:9": {},
          "taskID:8": "bq_standard:retrieval",
          "index:3": 0
        }
      },
      "questID:3": 118
    },
    "119:10": {
      "completed:9": {},
      "tasks:9": {
        "0:10": {
          "completeUsers:9": {},
          "userProgress:9": {},
          "taskID:8": "bq_standard:retrieval",
          "index:3": 0
        }
      },
      "questID:3": 119
    },
    "120:10": {
      "completed:9": {},
      "tasks:9": {
        "0:10": {
          "completeUsers:9": {},
          "userProgress:9": {},
          "taskID:8": "bq_standard:retrieval",
          "index:3": 0
        }
      },
      "questID:3": 120
    },
    "121:10": {
      "completed:9": {},
      "tasks:9": {
        "0:10": {
          "completeUsers:9": {},
          "userProgress:9": {},
          "taskID:8": "bq_standard:retrieval",
          "index:3": 0
        }
      },
      "questID:3": 121
    },
    "122:10": {
      "completed:9": {},
      "tasks:9": {
        "0:10": {
          "completeUsers:9": {},
          "userProgress:9": {},
          "taskID:8": "bq_standard:retrieval",
          "index:3": 0
        }
      },
      "questID:3": 122
    },
    "123:10": {
      "completed:9": {},
      "tasks:9": {
        "0:10": {
          "completeUsers:9": {},
          "userProgress:9": {},
          "taskID:8": "bq_standard:retrieval",
          "index:3": 0
        }
      },
      "questID:3": 123
    },
    "124:10": {
      "completed:9": {},
      "tasks:9": {
        "0:10": {
          "completeUsers:9": {},
          "userProgress:9": {},
          "taskID:8": "bq_standard:retrieval",
          "index:3": 0
        }
      },
      "questID:3": 124
    },
    "125:10": {
      "completed:9": {},
      "tasks:9": {
        "0:10": {
          "completeUsers:9": {},
          "userProgress:9": {},
          "taskID:8": "bq_standard:retrieval",
          "index:3": 0
        }
      },
      "questID:3": 125
    },
    "126:10": {
      "completed:9": {},
      "tasks:9": {
        "0:10": {
          "completeUsers:9": {},
          "userProgress:9": {},
          "taskID:8": "bq_standard:retrieval",
          "index:3": 0
        }
      },
      "questID:3": 126
    },
    "127:10": {
      "completed:9": {},
      "tasks:9": {
        "0:10": {
          "completeUsers:9": {},
          "userProgress:9": {},
          "taskID:8": "bq_standard:retrieval",
          "index:3": 0
        }
      },
      "questID:3": 127
    },
    "128:10": {
      "completed:9": {},
      "tasks:9": {
        "0:10": {
          "completeUsers:9": {},
          "userProgress:9": {},
          "taskID:8": "bq_standard:retrieval",
          "index:3": 0
        }
      },
      "questID:3": 128
    },
    "129:10": {
      "completed:9": {},
      "tasks:9": {
        "0:10": {
          "completeUsers:9": {},
          "userProgress:9": {},
          "taskID:8": "bq_standard:retrieval",
          "index:3": 0
        }
      },
      "questID:3": 129
    },
    "130:10": {
      "completed:9": {},
      "tasks:9": {
        "0:10": {
          "completeUsers:9": {},
          "userProgress:9": {},
          "taskID:8": "bq_standard:retrieval",
          "index:3": 0
        }
      },
      "questID:3": 130
    },
    "131:10": {
      "completed:9": {},
      "tasks:9": {
        "0:10": {
          "completeUsers:9": {},
          "userProgress:9": {},
          "taskID:8": "bq_standard:block_break",
          "index:3": 0
        }
      },
      "questID:3": 131
    },
    "132:10": {
      "completed:9": {},
      "tasks:9": {
        "0:10": {
          "completeUsers:9": {},
          "userProgress:9": {},
          "taskID:8": "bq_standard:retrieval",
          "index:3": 1
        }
      },
      "questID:3": 132
    },
    "133:10": {
      "completed:9": {},
      "tasks:9": {
        "0:10": {
          "completeUsers:9": {},
          "userProgress:9": {},
          "taskID:8": "bq_standard:retrieval",
          "index:3": 1
        }
      },
      "questID:3": 133
    },
    "134:10": {
      "completed:9": {},
      "tasks:9": {
        "0:10": {
          "completeUsers:9": {},
          "userProgress:9": {},
          "taskID:8": "bq_standard:retrieval",
          "index:3": 1
        }
      },
      "questID:3": 134
    },
    "135:10": {
      "completed:9": {},
      "tasks:9": {
        "0:10": {
          "completeUsers:9": {},
          "userProgress:9": {},
          "taskID:8": "bq_standard:retrieval",
          "index:3": 0
        }
      },
      "questID:3": 135
    },
    "136:10": {
      "completed:9": {},
      "tasks:9": {
        "0:10": {
          "completeUsers:9": {},
          "userProgress:9": {},
          "taskID:8": "bq_standard:retrieval",
          "index:3": 1
        }
      },
      "questID:3": 136
    },
    "137:10": {
      "completed:9": {},
      "tasks:9": {
        "0:10": {
          "completeUsers:9": {},
          "userProgress:9": {},
          "taskID:8": "bq_standard:retrieval",
          "index:3": 0
        }
      },
      "questID:3": 137
    },
    "138:10": {
      "completed:9": {},
      "tasks:9": {
        "0:10": {
          "completeUsers:9": {},
          "userProgress:9": {},
          "taskID:8": "bq_standard:retrieval",
          "index:3": 0
        }
      },
      "questID:3": 138
    },
    "139:10": {
      "completed:9": {},
      "tasks:9": {
        "0:10": {
          "completeUsers:9": {},
          "userProgress:9": {},
          "taskID:8": "bq_standard:retrieval",
          "index:3": 1
        }
      },
      "questID:3": 139
    },
    "140:10": {
      "completed:9": {},
      "tasks:9": {
        "0:10": {
          "completeUsers:9": {},
          "userProgress:9": {},
          "taskID:8": "bq_standard:retrieval",
          "index:3": 1
        }
      },
      "questID:3": 140
    },
    "141:10": {
      "completed:9": {},
      "tasks:9": {
        "0:10": {
          "completeUsers:9": {},
          "userProgress:9": {},
          "taskID:8": "bq_standard:retrieval",
          "index:3": 0
        }
      },
      "questID:3": 141
    },
    "142:10": {
      "completed:9": {},
      "tasks:9": {
        "0:10": {
          "completeUsers:9": {},
          "userProgress:9": {},
          "taskID:8": "bq_standard:retrieval",
          "index:3": 0
        }
      },
      "questID:3": 142
    },
    "143:10": {
      "completed:9": {},
      "tasks:9": {
        "0:10": {
          "completeUsers:9": {},
          "userProgress:9": {},
          "taskID:8": "bq_standard:retrieval",
          "index:3": 0
        }
      },
      "questID:3": 143
    },
    "144:10": {
      "completed:9": {},
      "tasks:9": {
        "0:10": {
          "completeUsers:9": {},
          "userProgress:9": {},
          "taskID:8": "bq_standard:retrieval",
          "index:3": 0
        }
      },
      "questID:3": 144
    },
    "145:10": {
      "completed:9": {},
      "tasks:9": {
        "0:10": {
          "completeUsers:9": {},
          "userProgress:9": {},
          "taskID:8": "bq_standard:retrieval",
          "index:3": 0
        }
      },
      "questID:3": 145
    },
    "146:10": {
      "completed:9": {},
      "tasks:9": {
        "0:10": {
          "completeUsers:9": {},
          "userProgress:9": {},
          "taskID:8": "bq_standard:retrieval",
          "index:3": 0
        }
      },
      "questID:3": 146
    },
    "147:10": {
      "completed:9": {},
      "tasks:9": {
        "0:10": {
          "completeUsers:9": {},
          "userProgress:9": {},
          "taskID:8": "bq_standard:retrieval",
          "index:3": 0
        }
      },
      "questID:3": 147
    },
    "148:10": {
      "completed:9": {},
      "tasks:9": {
        "0:10": {
          "completeUsers:9": {},
          "userProgress:9": {},
          "taskID:8": "bq_standard:retrieval",
          "index:3": 0
        }
      },
      "questID:3": 148
    },
    "149:10": {
      "completed:9": {},
      "tasks:9": {
        "0:10": {
          "completeUsers:9": {},
          "userProgress:9": {},
          "taskID:8": "bq_standard:retrieval",
          "index:3": 1
        }
      },
      "questID:3": 149
    },
    "150:10": {
      "completed:9": {},
      "tasks:9": {
        "0:10": {
          "completeUsers:9": {},
          "userProgress:9": {},
          "taskID:8": "bq_standard:retrieval",
          "index:3": 0
        }
      },
      "questID:3": 150
    },
    "151:10": {
      "completed:9": {},
      "tasks:9": {
        "0:10": {
          "completeUsers:9": {},
          "userProgress:9": {},
          "taskID:8": "bq_standard:retrieval",
          "index:3": 0
        }
      },
      "questID:3": 151
    },
    "152:10": {
      "completed:9": {},
      "tasks:9": {
        "0:10": {
          "completeUsers:9": {},
          "userProgress:9": {},
          "taskID:8": "bq_standard:retrieval",
          "index:3": 0
        }
      },
      "questID:3": 152
    },
    "153:10": {
      "completed:9": {},
      "tasks:9": {
        "0:10": {
          "completeUsers:9": {},
          "userProgress:9": {},
          "taskID:8": "bq_standard:retrieval",
          "index:3": 0
        }
      },
      "questID:3": 153
    },
    "154:10": {
      "completed:9": {},
      "tasks:9": {
        "0:10": {
          "completeUsers:9": {},
          "userProgress:9": {},
          "taskID:8": "bq_standard:retrieval",
          "index:3": 0
        }
      },
      "questID:3": 154
    },
    "155:10": {
      "completed:9": {},
      "tasks:9": {
        "0:10": {
          "completeUsers:9": {},
          "userProgress:9": {},
          "taskID:8": "bq_standard:retrieval",
          "index:3": 0
        }
      },
      "questID:3": 155
    },
    "156:10": {
      "completed:9": {},
      "tasks:9": {
        "0:10": {
          "completeUsers:9": {},
          "userProgress:9": {},
          "taskID:8": "bq_standard:retrieval",
          "index:3": 0
        }
      },
      "questID:3": 156
    },
    "157:10": {
      "completed:9": {},
      "tasks:9": {
        "0:10": {
          "completeUsers:9": {},
          "userProgress:9": {},
          "taskID:8": "bq_standard:retrieval",
          "index:3": 0
        }
      },
      "questID:3": 157
    },
    "158:10": {
      "completed:9": {},
      "tasks:9": {
        "0:10": {
          "completeUsers:9": {},
          "userProgress:9": {},
          "taskID:8": "bq_standard:retrieval",
          "index:3": 0
        }
      },
      "questID:3": 158
    },
    "159:10": {
      "completed:9": {},
      "tasks:9": {
        "0:10": {
          "completeUsers:9": {},
          "userProgress:9": {},
          "taskID:8": "bq_standard:retrieval",
          "index:3": 1
        }
      },
      "questID:3": 159
    },
    "160:10": {
      "completed:9": {},
      "tasks:9": {
        "0:10": {
          "completeUsers:9": {},
          "userProgress:9": {},
          "taskID:8": "bq_standard:retrieval",
          "index:3": 0
        }
      },
      "questID:3": 160
    },
    "161:10": {
      "completed:9": {},
      "tasks:9": {
        "0:10": {
          "completeUsers:9": {},
          "userProgress:9": {},
          "taskID:8": "bq_standard:retrieval",
          "index:3": 1
        }
      },
      "questID:3": 161
    },
    "162:10": {
      "completed:9": {},
      "tasks:9": {
        "0:10": {
          "completeUsers:9": {},
          "userProgress:9": {},
          "taskID:8": "bq_standard:retrieval",
          "index:3": 0
        }
      },
      "questID:3": 162
    },
    "163:10": {
      "completed:9": {},
      "tasks:9": {
        "0:10": {
          "completeUsers:9": {},
          "userProgress:9": {},
          "taskID:8": "bq_standard:retrieval",
          "index:3": 0
        }
      },
      "questID:3": 163
    },
    "164:10": {
      "completed:9": {},
      "tasks:9": {
        "0:10": {
          "completeUsers:9": {},
          "userProgress:9": {},
          "taskID:8": "bq_standard:retrieval",
          "index:3": 0
        }
      },
      "questID:3": 164
    },
    "165:10": {
      "completed:9": {},
      "tasks:9": {
        "0:10": {
          "completeUsers:9": {},
          "userProgress:9": {},
          "taskID:8": "bq_standard:retrieval",
          "index:3": 0
        }
      },
      "questID:3": 165
    },
    "166:10": {
      "completed:9": {},
      "tasks:9": {
        "0:10": {
          "completeUsers:9": {},
          "userProgress:9": {},
          "taskID:8": "bq_standard:retrieval",
          "index:3": 0
        }
      },
      "questID:3": 166
    },
    "167:10": {
      "completed:9": {},
      "tasks:9": {
        "0:10": {
          "completeUsers:9": {},
          "userProgress:9": {},
          "taskID:8": "bq_standard:retrieval",
          "index:3": 0
        }
      },
      "questID:3": 167
    },
    "168:10": {
      "completed:9": {},
      "tasks:9": {
        "0:10": {
          "completeUsers:9": {},
          "userProgress:9": {},
          "taskID:8": "bq_standard:retrieval",
          "index:3": 0
        }
      },
      "questID:3": 168
    },
    "169:10": {
      "completed:9": {},
      "tasks:9": {
        "0:10": {
          "completeUsers:9": {},
          "userProgress:9": {},
          "taskID:8": "bq_standard:retrieval",
          "index:3": 0
        }
      },
      "questID:3": 169
    },
    "170:10": {
      "completed:9": {},
      "tasks:9": {
        "0:10": {
          "completeUsers:9": {},
          "userProgress:9": {},
          "taskID:8": "bq_standard:retrieval",
          "index:3": 0
        }
      },
      "questID:3": 170
    },
    "171:10": {
      "completed:9": {},
      "tasks:9": {
        "0:10": {
          "completeUsers:9": {},
          "userProgress:9": {},
          "taskID:8": "bq_standard:retrieval",
          "index:3": 0
        }
      },
      "questID:3": 171
    },
    "172:10": {
      "completed:9": {},
      "tasks:9": {
        "0:10": {
          "completeUsers:9": {},
          "userProgress:9": {},
          "taskID:8": "bq_standard:retrieval",
          "index:3": 0
        }
      },
      "questID:3": 172
    },
    "173:10": {
      "completed:9": {},
      "tasks:9": {
        "0:10": {
          "completeUsers:9": {},
          "userProgress:9": {},
          "taskID:8": "bq_standard:retrieval",
          "index:3": 0
        }
      },
      "questID:3": 173
    },
    "174:10": {
      "completed:9": {},
      "tasks:9": {
        "0:10": {
          "completeUsers:9": {},
          "userProgress:9": {},
          "taskID:8": "bq_standard:retrieval",
          "index:3": 0
        }
      },
      "questID:3": 174
    },
    "175:10": {
      "completed:9": {},
      "tasks:9": {
        "0:10": {
          "completeUsers:9": {},
          "userProgress:9": {},
          "taskID:8": "bq_standard:retrieval",
          "index:3": 0
        }
      },
      "questID:3": 175
    },
    "176:10": {
      "completed:9": {},
      "tasks:9": {
        "0:10": {
          "completeUsers:9": {},
          "userProgress:9": {},
          "taskID:8": "bq_standard:retrieval",
          "index:3": 0
        }
      },
      "questID:3": 176
    },
    "177:10": {
      "completed:9": {},
      "tasks:9": {
        "0:10": {
          "completeUsers:9": {},
          "userProgress:9": {},
          "taskID:8": "bq_standard:retrieval",
          "index:3": 0
        }
      },
      "questID:3": 177
    },
    "178:10": {
      "completed:9": {},
      "tasks:9": {
        "0:10": {
          "completeUsers:9": {},
          "userProgress:9": {},
          "taskID:8": "bq_standard:retrieval",
          "index:3": 0
        }
      },
      "questID:3": 178
    },
    "179:10": {
      "completed:9": {},
      "tasks:9": {
        "0:10": {
          "completeUsers:9": {},
          "userProgress:9": {},
          "taskID:8": "bq_standard:retrieval",
          "index:3": 0
        }
      },
      "questID:3": 179
    },
    "180:10": {
      "completed:9": {},
      "tasks:9": {
        "0:10": {
          "completeUsers:9": {},
          "userProgress:9": {},
          "taskID:8": "bq_standard:retrieval",
          "index:3": 1
        }
      },
      "questID:3": 180
    },
    "181:10": {
      "completed:9": {},
      "tasks:9": {
        "0:10": {
          "completeUsers:9": {},
          "userProgress:9": {},
          "taskID:8": "bq_standard:retrieval",
          "index:3": 1
        }
      },
      "questID:3": 181
    },
    "182:10": {
      "completed:9": {},
      "tasks:9": {
        "0:10": {
          "completeUsers:9": {},
          "userProgress:9": {},
          "taskID:8": "bq_standard:retrieval",
          "index:3": 1
        }
      },
      "questID:3": 182
    },
    "183:10": {
      "completed:9": {},
      "tasks:9": {
        "0:10": {
          "completeUsers:9": {},
          "userProgress:9": {},
          "taskID:8": "bq_standard:retrieval",
          "index:3": 0
        }
      },
      "questID:3": 183
    },
    "184:10": {
      "completed:9": {},
      "tasks:9": {
        "0:10": {
          "completeUsers:9": {},
          "userProgress:9": {},
          "taskID:8": "bq_standard:retrieval",
          "index:3": 0
        }
      },
      "questID:3": 184
    },
    "185:10": {
      "completed:9": {},
      "tasks:9": {
        "0:10": {
          "completeUsers:9": {},
          "userProgress:9": {},
          "taskID:8": "bq_standard:retrieval",
          "index:3": 0
        }
      },
      "questID:3": 185
    },
    "186:10": {
      "completed:9": {},
      "tasks:9": {
        "0:10": {
          "completeUsers:9": {},
          "userProgress:9": {},
          "taskID:8": "bq_standard:retrieval",
          "index:3": 0
        }
      },
      "questID:3": 186
    },
    "187:10": {
      "completed:9": {},
      "tasks:9": {
        "0:10": {
          "completeUsers:9": {},
          "userProgress:9": {},
          "taskID:8": "bq_standard:hunt",
          "index:3": 0
        }
      },
      "questID:3": 187
    },
    "188:10": {
      "completed:9": {},
      "tasks:9": {
        "0:10": {
          "completeUsers:9": {},
          "userProgress:9": {},
          "taskID:8": "bq_standard:retrieval",
          "index:3": 0
        }
      },
      "questID:3": 188
    },
    "189:10": {
      "completed:9": {},
      "tasks:9": {
        "0:10": {
          "completeUsers:9": {},
          "userProgress:9": {},
          "taskID:8": "bq_standard:retrieval",
          "index:3": 0
        }
      },
      "questID:3": 189
    },
    "190:10": {
      "completed:9": {},
      "tasks:9": {
        "0:10": {
          "completeUsers:9": {},
          "userProgress:9": {},
          "taskID:8": "bq_standard:retrieval",
          "index:3": 0
        }
      },
      "questID:3": 190
    },
    "191:10": {
      "completed:9": {},
      "tasks:9": {
        "0:10": {
          "completeUsers:9": {},
          "userProgress:9": {},
          "taskID:8": "bq_standard:retrieval",
          "index:3": 0
        }
      },
      "questID:3": 191
    },
    "192:10": {
      "completed:9": {},
      "tasks:9": {
        "0:10": {
          "completeUsers:9": {},
          "userProgress:9": {},
          "taskID:8": "bq_standard:hunt",
          "index:3": 0
        }
      },
      "questID:3": 192
    },
    "193:10": {
      "completed:9": {},
      "tasks:9": {
        "0:10": {
          "completeUsers:9": {},
          "userProgress:9": {},
          "taskID:8": "bq_standard:retrieval",
          "index:3": 0
        }
      },
      "questID:3": 193
    },
    "194:10": {
      "completed:9": {},
      "tasks:9": {
        "0:10": {
          "completeUsers:9": {},
          "taskID:8": "bq_msi:location",
          "index:3": 0
        }
      },
      "questID:3": 194
    },
    "195:10": {
      "completed:9": {},
      "tasks:9": {
        "0:10": {
          "completeUsers:9": {},
          "taskID:8": "bq_msi:location",
          "index:3": 0
        }
      },
      "questID:3": 195
    },
    "196:10": {
      "completed:9": {},
      "tasks:9": {
        "0:10": {
          "completeUsers:9": {},
          "userProgress:9": {},
          "taskID:8": "bq_standard:retrieval",
          "index:3": 0
        }
      },
      "questID:3": 196
    },
    "197:10": {
      "completed:9": {},
      "tasks:9": {
        "0:10": {
          "completeUsers:9": {},
          "userProgress:9": {},
          "taskID:8": "bq_standard:retrieval",
          "index:3": 0
        }
      },
      "questID:3": 197
    },
    "198:10": {
      "completed:9": {},
      "tasks:9": {
        "0:10": {
          "completeUsers:9": {},
          "userProgress:9": {},
          "taskID:8": "bq_standard:hunt",
          "index:3": 0
        }
      },
      "questID:3": 198
    },
    "199:10": {
      "completed:9": {},
      "tasks:9": {
        "0:10": {
          "completeUsers:9": {},
          "taskID:8": "bq_msi:location",
          "index:3": 0
        }
      },
      "questID:3": 199
    },
    "200:10": {
      "completed:9": {},
      "tasks:9": {
        "0:10": {
          "completeUsers:9": {},
          "userProgress:9": {},
          "taskID:8": "bq_standard:retrieval",
          "index:3": 0
        }
      },
      "questID:3": 200
    },
    "201:10": {
      "completed:9": {},
      "tasks:9": {
        "0:10": {
          "completeUsers:9": {},
          "userProgress:9": {},
          "taskID:8": "bq_standard:retrieval",
          "index:3": 0
        }
      },
      "questID:3": 201
    },
    "202:10": {
      "completed:9": {},
      "tasks:9": {
        "0:10": {
          "completeUsers:9": {},
          "userProgress:9": {},
          "taskID:8": "bq_standard:retrieval",
          "index:3": 0
        }
      },
      "questID:3": 202
    },
    "203:10": {
      "completed:9": {},
      "tasks:9": {
        "0:10": {
          "completeUsers:9": {},
          "taskID:8": "bq_msi:location",
          "index:3": 0
        }
      },
      "questID:3": 203
    },
    "204:10": {
      "completed:9": {},
      "tasks:9": {
        "0:10": {
          "completeUsers:9": {},
          "userProgress:9": {},
          "taskID:8": "bq_standard:retrieval",
          "index:3": 0
        }
      },
      "questID:3": 204
    },
    "205:10": {
      "completed:9": {},
      "tasks:9": {
        "0:10": {
          "completeUsers:9": {},
          "userProgress:9": {},
          "taskID:8": "bq_standard:retrieval",
          "index:3": 0
        }
      },
      "questID:3": 205
    },
    "206:10": {
      "completed:9": {},
      "tasks:9": {
        "0:10": {
          "completeUsers:9": {},
          "taskID:8": "bq_msi:location",
          "index:3": 0
        }
      },
      "questID:3": 206
    },
    "207:10": {
      "completed:9": {},
      "tasks:9": {
        "0:10": {
          "completeUsers:9": {},
          "taskID:8": "bq_msi:location",
          "index:3": 0
        }
      },
      "questID:3": 207
    },
    "208:10": {
      "completed:9": {},
      "tasks:9": {
        "0:10": {
          "completeUsers:9": {},
          "taskID:8": "bq_msi:location",
          "index:3": 0
        }
      },
      "questID:3": 208
    },
    "209:10": {
      "completed:9": {},
      "tasks:9": {
        "0:10": {
          "completeUsers:9": {},
          "taskID:8": "bq_standard:checkbox",
          "index:3": 0
        }
      },
      "questID:3": 209
    },
    "210:10": {
      "completed:9": {},
      "tasks:9": {
        "0:10": {
          "completeUsers:9": {},
          "userProgress:9": {},
          "taskID:8": "bq_standard:retrieval",
          "index:3": 0
        }
      },
      "questID:3": 210
    },
    "211:10": {
      "completed:9": {},
      "tasks:9": {
        "0:10": {
          "completeUsers:9": {},
          "userProgress:9": {},
          "taskID:8": "bq_standard:retrieval",
          "index:3": 0
        }
      },
      "questID:3": 211
    },
    "212:10": {
      "completed:9": {},
      "tasks:9": {
        "0:10": {
          "completeUsers:9": {},
          "userProgress:9": {},
          "taskID:8": "bq_standard:retrieval",
          "index:3": 1
        }
      },
      "questID:3": 212
    },
    "213:10": {
      "completed:9": {},
      "tasks:9": {
        "0:10": {
          "completeUsers:9": {},
          "userProgress:9": {},
          "taskID:8": "bq_standard:retrieval",
          "index:3": 0
        }
      },
      "questID:3": 213
    },
    "214:10": {
      "completed:9": {},
      "tasks:9": {
        "0:10": {
          "completeUsers:9": {},
          "userProgress:9": {},
          "taskID:8": "bq_standard:retrieval",
          "index:3": 0
        }
      },
      "questID:3": 214
    },
    "215:10": {
      "completed:9": {},
      "tasks:9": {
        "0:10": {
          "completeUsers:9": {},
          "userProgress:9": {},
          "taskID:8": "bq_standard:retrieval",
          "index:3": 0
        }
      },
      "questID:3": 215
    },
    "216:10": {
      "completed:9": {},
      "tasks:9": {
        "0:10": {
          "completeUsers:9": {},
          "userProgress:9": {},
          "taskID:8": "bq_standard:retrieval",
          "index:3": 0
        }
      },
      "questID:3": 216
    },
    "217:10": {
      "completed:9": {},
      "tasks:9": {
        "0:10": {
          "completeUsers:9": {},
          "userProgress:9": {},
          "taskID:8": "bq_standard:retrieval",
          "index:3": 0
        }
      },
      "questID:3": 217
    },
    "218:10": {
      "completed:9": {},
      "tasks:9": {
        "0:10": {
          "completeUsers:9": {},
          "userProgress:9": {},
          "taskID:8": "bq_standard:retrieval",
          "index:3": 0
        }
      },
      "questID:3": 218
    },
    "219:10": {
      "completed:9": {},
      "tasks:9": {},
      "questID:3": 219
    },
    "220:10": {
      "completed:9": {},
      "tasks:9": {
        "0:10": {
          "completeUsers:9": {},
          "userProgress:9": {},
          "taskID:8": "bq_standard:retrieval",
          "index:3": 1
        }
      },
      "questID:3": 220
    },
    "221:10": {
      "completed:9": {},
      "tasks:9": {
        "0:10": {
          "completeUsers:9": {},
          "userProgress:9": {},
          "taskID:8": "bq_standard:block_break",
          "index:3": 0
        }
      },
      "questID:3": 221
    },
    "222:10": {
      "completed:9": {},
      "tasks:9": {
        "0:10": {
          "completeUsers:9": {},
          "userProgress:9": {},
          "taskID:8": "bq_standard:retrieval",
          "index:3": 1
        }
      },
      "questID:3": 222
    },
    "223:10": {
      "completed:9": {},
      "tasks:9": {
        "0:10": {
          "completeUsers:9": {},
          "userProgress:9": {},
          "taskID:8": "bq_standard:retrieval",
          "index:3": 0
        }
      },
      "questID:3": 223
    },
    "224:10": {
      "completed:9": {},
      "tasks:9": {
        "0:10": {
          "completeUsers:9": {},
          "userProgress:9": {},
          "taskID:8": "bq_standard:retrieval",
          "index:3": 0
        }
      },
      "questID:3": 224
    },
    "225:10": {
      "completed:9": {},
      "tasks:9": {
        "0:10": {
          "completeUsers:9": {},
          "userProgress:9": {},
          "taskID:8": "bq_standard:retrieval",
          "index:3": 1
        }
      },
      "questID:3": 225
    },
    "226:10": {
      "completed:9": {},
      "tasks:9": {
        "0:10": {
          "completeUsers:9": {},
          "userProgress:9": {},
          "taskID:8": "bq_standard:retrieval",
          "index:3": 0
        }
      },
      "questID:3": 226
    },
    "227:10": {
      "completed:9": {},
      "tasks:9": {
        "0:10": {
          "completeUsers:9": {},
          "userProgress:9": {},
          "taskID:8": "bq_standard:retrieval",
          "index:3": 0
        }
      },
      "questID:3": 227
    },
    "228:10": {
      "completed:9": {},
      "tasks:9": {
        "0:10": {
          "completeUsers:9": {},
          "userProgress:9": {},
          "taskID:8": "bq_standard:retrieval",
          "index:3": 0
        }
      },
      "questID:3": 228
    },
    "229:10": {
      "completed:9": {},
      "tasks:9": {
        "0:10": {
          "completeUsers:9": {},
          "userProgress:9": {},
          "taskID:8": "bq_standard:retrieval",
          "index:3": 0
        }
      },
      "questID:3": 229
    },
    "230:10": {
      "completed:9": {},
      "tasks:9": {
        "0:10": {
          "completeUsers:9": {},
          "userProgress:9": {},
          "taskID:8": "bq_standard:retrieval",
          "index:3": 1
        }
      },
      "questID:3": 230
    },
    "231:10": {
      "completed:9": {},
      "tasks:9": {
        "0:10": {
          "completeUsers:9": {},
          "userProgress:9": {},
          "taskID:8": "bq_standard:retrieval",
          "index:3": 1
        }
      },
      "questID:3": 231
    },
    "232:10": {
      "completed:9": {},
      "tasks:9": {
        "0:10": {
          "completeUsers:9": {},
          "userProgress:9": {},
          "taskID:8": "bq_standard:retrieval",
          "index:3": 1
        }
      },
      "questID:3": 232
    },
    "233:10": {
      "completed:9": {},
      "tasks:9": {
        "0:10": {
          "completeUsers:9": {},
          "userProgress:9": {},
          "taskID:8": "bq_standard:interact_item",
          "index:3": 0
        }
      },
      "questID:3": 233
    },
    "234:10": {
      "completed:9": {},
      "tasks:9": {
        "0:10": {
          "completeUsers:9": {},
          "userProgress:9": {},
          "taskID:8": "bq_standard:retrieval",
          "index:3": 0
        }
      },
      "questID:3": 234
    },
    "235:10": {
      "completed:9": {},
      "tasks:9": {
        "0:10": {
          "completeUsers:9": {},
          "userProgress:9": {},
          "taskID:8": "bq_standard:retrieval",
          "index:3": 1
        }
      },
      "questID:3": 235
    },
    "236:10": {
      "completed:9": {},
      "tasks:9": {
        "0:10": {
          "completeUsers:9": {},
          "userProgress:9": {},
          "taskID:8": "bq_standard:retrieval",
          "index:3": 0
        }
      },
      "questID:3": 236
    },
    "237:10": {
      "completed:9": {},
      "tasks:9": {
        "0:10": {
          "completeUsers:9": {},
          "userProgress:9": {},
          "taskID:8": "bq_standard:retrieval",
          "index:3": 1
        }
      },
      "questID:3": 237
    },
    "238:10": {
      "completed:9": {},
      "tasks:9": {
        "0:10": {
          "completeUsers:9": {},
          "userProgress:9": {},
          "taskID:8": "bq_standard:retrieval",
          "index:3": 0
        }
      },
      "questID:3": 238
    },
    "239:10": {
      "completed:9": {},
      "tasks:9": {
        "0:10": {
          "completeUsers:9": {},
          "userProgress:9": {},
          "taskID:8": "bq_standard:retrieval",
          "index:3": 1
        }
      },
      "questID:3": 239
    },
    "240:10": {
      "completed:9": {},
      "tasks:9": {
        "0:10": {
          "completeUsers:9": {},
          "userProgress:9": {},
          "taskID:8": "bq_standard:retrieval",
          "index:3": 2
        }
      },
      "questID:3": 240
    },
    "241:10": {
      "completed:9": {},
      "tasks:9": {
        "0:10": {
          "completeUsers:9": {},
          "userProgress:9": {},
          "taskID:8": "bq_standard:retrieval",
          "index:3": 1
        }
      },
      "questID:3": 241
    },
    "242:10": {
      "completed:9": {},
      "tasks:9": {
        "0:10": {
          "completeUsers:9": {},
          "userProgress:9": {},
          "taskID:8": "bq_standard:retrieval",
          "index:3": 1
        }
      },
      "questID:3": 242
    },
    "243:10": {
      "completed:9": {},
      "tasks:9": {
        "0:10": {
          "completeUsers:9": {},
          "userProgress:9": {},
          "taskID:8": "bq_standard:retrieval",
          "index:3": 0
        }
      },
      "questID:3": 243
    },
    "244:10": {
      "completed:9": {},
      "tasks:9": {
        "0:10": {
          "completeUsers:9": {},
          "userProgress:9": {},
          "taskID:8": "bq_standard:retrieval",
          "index:3": 1
        }
      },
      "questID:3": 244
    },
    "245:10": {
      "completed:9": {},
      "tasks:9": {
        "0:10": {
          "completeUsers:9": {},
          "userProgress:9": {},
          "taskID:8": "bq_standard:retrieval",
          "index:3": 1
        }
      },
      "questID:3": 245
    },
    "246:10": {
      "completed:9": {},
      "tasks:9": {
        "0:10": {
          "completeUsers:9": {},
          "userProgress:9": {},
          "taskID:8": "bq_standard:retrieval",
          "index:3": 0
        }
      },
      "questID:3": 246
    },
    "247:10": {
      "completed:9": {},
      "tasks:9": {},
      "questID:3": 247
    },
    "248:10": {
      "completed:9": {},
      "tasks:9": {},
      "questID:3": 248
    },
    "249:10": {
      "completed:9": {},
      "tasks:9": {
        "0:10": {
          "completeUsers:9": {},
          "userProgress:9": {},
          "taskID:8": "bq_standard:retrieval",
          "index:3": 0
        }
      },
      "questID:3": 249
    },
    "250:10": {
      "completed:9": {},
      "tasks:9": {
        "0:10": {
          "completeUsers:9": {},
          "userProgress:9": {},
          "taskID:8": "bq_standard:retrieval",
          "index:3": 0
        }
      },
      "questID:3": 250
    },
    "251:10": {
      "completed:9": {},
      "tasks:9": {
        "0:10": {
          "completeUsers:9": {},
          "userProgress:9": {},
          "taskID:8": "bq_standard:retrieval",
          "index:3": 0
        }
      },
      "questID:3": 251
    },
    "252:10": {
      "completed:9": {},
      "tasks:9": {
        "0:10": {
          "completeUsers:9": {},
          "userProgress:9": {},
          "taskID:8": "bq_standard:retrieval",
          "index:3": 0
        }
      },
      "questID:3": 252
    },
    "253:10": {
      "completed:9": {},
      "tasks:9": {
        "0:10": {
          "completeUsers:9": {},
          "userProgress:9": {},
          "taskID:8": "bq_standard:retrieval",
          "index:3": 1
        }
      },
      "questID:3": 253
    },
    "254:10": {
      "completed:9": {},
      "tasks:9": {
        "0:10": {
          "completeUsers:9": {},
          "userProgress:9": {},
          "taskID:8": "bq_standard:retrieval",
          "index:3": 1
        }
      },
      "questID:3": 254
    },
    "255:10": {
      "completed:9": {},
      "tasks:9": {},
      "questID:3": 255
    },
    "256:10": {
      "completed:9": {},
      "tasks:9": {},
      "questID:3": 256
    },
    "257:10": {
      "completed:9": {},
      "tasks:9": {
        "0:10": {
          "completeUsers:9": {},
          "userProgress:9": {},
          "taskID:8": "bq_standard:retrieval",
          "index:3": 1
        }
      },
      "questID:3": 257
    },
    "258:10": {
      "completed:9": {},
      "tasks:9": {
        "0:10": {
          "completeUsers:9": {},
          "userProgress:9": {},
          "taskID:8": "bq_standard:retrieval",
          "index:3": 1
        }
      },
      "questID:3": 258
    },
    "259:10": {
      "completed:9": {},
      "tasks:9": {
        "0:10": {
          "completeUsers:9": {},
          "userProgress:9": {},
          "taskID:8": "bq_standard:retrieval",
          "index:3": 0
        }
      },
      "questID:3": 259
    },
    "260:10": {
      "completed:9": {},
      "tasks:9": {
        "0:10": {
          "completeUsers:9": {},
          "userProgress:9": {},
          "taskID:8": "bq_standard:retrieval",
          "index:3": 0
        }
      },
      "questID:3": 260
    },
    "261:10": {
      "completed:9": {},
      "tasks:9": {
        "0:10": {
          "completeUsers:9": {},
          "userProgress:9": {},
          "taskID:8": "bq_standard:retrieval",
          "index:3": 1
        }
      },
      "questID:3": 261
    },
    "262:10": {
      "completed:9": {},
      "tasks:9": {
        "0:10": {
          "completeUsers:9": {},
          "userProgress:9": {},
          "taskID:8": "bq_standard:retrieval",
          "index:3": 0
        }
      },
      "questID:3": 262
    },
    "263:10": {
      "completed:9": {},
      "tasks:9": {
        "0:10": {
          "completeUsers:9": {},
          "userProgress:9": {},
          "taskID:8": "bq_standard:retrieval",
          "index:3": 1
        }
      },
      "questID:3": 263
    },
    "264:10": {
      "completed:9": {},
      "tasks:9": {
        "0:10": {
          "completeUsers:9": {},
          "userProgress:9": {},
          "taskID:8": "bq_standard:retrieval",
          "index:3": 1
        }
      },
      "questID:3": 264
    },
    "265:10": {
      "completed:9": {},
      "tasks:9": {
        "0:10": {
          "completeUsers:9": {},
          "userProgress:9": {},
          "taskID:8": "bq_standard:retrieval",
          "index:3": 1
        }
      },
      "questID:3": 265
    },
    "266:10": {
      "completed:9": {},
      "tasks:9": {
        "0:10": {
          "completeUsers:9": {},
          "userProgress:9": {},
          "taskID:8": "bq_standard:retrieval",
          "index:3": 1
        }
      },
      "questID:3": 266
    },
    "267:10": {
      "completed:9": {},
      "tasks:9": {
        "0:10": {
          "completeUsers:9": {},
          "userProgress:9": {},
          "taskID:8": "bq_standard:retrieval",
          "index:3": 1
        }
      },
      "questID:3": 267
    },
    "268:10": {
      "completed:9": {},
      "tasks:9": {
        "0:10": {
          "completeUsers:9": {},
          "userProgress:9": {},
          "taskID:8": "bq_standard:retrieval",
          "index:3": 0
        }
      },
      "questID:3": 268
    },
    "269:10": {
      "completed:9": {},
      "tasks:9": {},
      "questID:3": 269
    },
    "270:10": {
      "completed:9": {},
      "tasks:9": {
        "0:10": {
          "completeUsers:9": {},
          "userProgress:9": {},
          "taskID:8": "bq_standard:retrieval",
          "index:3": 1
        }
      },
      "questID:3": 270
    },
    "271:10": {
      "completed:9": {},
      "tasks:9": {
        "0:10": {
          "completeUsers:9": {},
          "userProgress:9": {},
          "taskID:8": "bq_standard:retrieval",
          "index:3": 1
        }
      },
      "questID:3": 271
    },
    "272:10": {
      "completed:9": {},
      "tasks:9": {
        "0:10": {
          "completeUsers:9": {},
          "userProgress:9": {},
          "taskID:8": "bq_standard:retrieval",
          "index:3": 1
        }
      },
      "questID:3": 272
    },
    "273:10": {
      "completed:9": {},
      "tasks:9": {
        "0:10": {
          "completeUsers:9": {},
          "userProgress:9": {},
          "taskID:8": "bq_standard:retrieval",
          "index:3": 1
        }
      },
      "questID:3": 273
    },
    "274:10": {
      "completed:9": {},
      "tasks:9": {
        "0:10": {
          "completeUsers:9": {},
          "userProgress:9": {},
          "taskID:8": "bq_standard:retrieval",
          "index:3": 1
        }
      },
      "questID:3": 274
    },
    "275:10": {
      "completed:9": {},
      "tasks:9": {
        "0:10": {
          "completeUsers:9": {},
          "userProgress:9": {},
          "taskID:8": "bq_standard:retrieval",
          "index:3": 0
        }
      },
      "questID:3": 275
    },
    "276:10": {
      "completed:9": {},
      "tasks:9": {},
      "questID:3": 276
    },
    "277:10": {
      "completed:9": {},
      "tasks:9": {
        "0:10": {
          "completeUsers:9": {},
          "userProgress:9": {},
          "taskID:8": "bq_standard:retrieval",
          "index:3": 1
        }
      },
      "questID:3": 277
    },
    "278:10": {
      "completed:9": {},
      "tasks:9": {
        "0:10": {
          "completeUsers:9": {},
          "userProgress:9": {},
          "taskID:8": "bq_standard:hunt",
          "index:3": 0
        }
      },
      "questID:3": 278
    },
    "279:10": {
      "completed:9": {},
      "tasks:9": {
        "0:10": {
          "completeUsers:9": {},
          "userProgress:9": {},
          "taskID:8": "bq_standard:retrieval",
          "index:3": 1
        }
      },
      "questID:3": 279
    },
    "280:10": {
      "completed:9": {},
      "tasks:9": {
        "0:10": {
          "completeUsers:9": {},
          "userProgress:9": {},
          "taskID:8": "bq_standard:retrieval",
          "index:3": 1
        }
      },
      "questID:3": 280
    },
    "281:10": {
      "completed:9": {},
      "tasks:9": {
        "0:10": {
          "completeUsers:9": {},
          "userProgress:9": {},
          "taskID:8": "bq_standard:retrieval",
          "index:3": 1
        }
      },
      "questID:3": 281
    },
    "282:10": {
      "completed:9": {},
      "tasks:9": {
        "0:10": {
          "completeUsers:9": {},
          "userProgress:9": {},
          "taskID:8": "bq_standard:retrieval",
          "index:3": 1
        }
      },
      "questID:3": 282
    },
    "283:10": {
      "completed:9": {},
      "tasks:9": {
        "0:10": {
          "completeUsers:9": {},
          "userProgress:9": {},
          "taskID:8": "bq_standard:retrieval",
          "index:3": 1
        }
      },
      "questID:3": 283
    },
    "284:10": {
      "completed:9": {},
      "tasks:9": {
        "0:10": {
          "completeUsers:9": {},
          "userProgress:9": {},
          "taskID:8": "bq_standard:retrieval",
          "index:3": 1
        }
      },
      "questID:3": 284
    },
    "285:10": {
      "completed:9": {},
      "tasks:9": {
        "0:10": {
          "completeUsers:9": {},
          "userProgress:9": {},
          "taskID:8": "bq_standard:retrieval",
          "index:3": 1
        }
      },
      "questID:3": 285
    },
    "286:10": {
      "completed:9": {},
      "tasks:9": {
        "0:10": {
          "completeUsers:9": {},
          "userProgress:9": {},
          "taskID:8": "bq_standard:retrieval",
          "index:3": 1
        }
      },
      "questID:3": 286
    },
    "287:10": {
      "completed:9": {},
      "tasks:9": {
        "0:10": {
          "completeUsers:9": {},
          "userProgress:9": {},
          "taskID:8": "bq_standard:retrieval",
          "index:3": 1
        }
      },
      "questID:3": 287
    },
    "288:10": {
      "completed:9": {},
      "tasks:9": {
        "0:10": {
          "completeUsers:9": {},
          "userProgress:9": {},
          "taskID:8": "bq_standard:retrieval",
          "index:3": 1
        }
      },
      "questID:3": 288
    },
    "289:10": {
      "completed:9": {},
      "tasks:9": {
        "0:10": {
          "completeUsers:9": {},
          "userProgress:9": {},
          "taskID:8": "bq_standard:retrieval",
          "index:3": 1
        }
      },
      "questID:3": 289
    },
    "290:10": {
      "completed:9": {},
      "tasks:9": {
        "0:10": {
          "completeUsers:9": {},
          "userProgress:9": {},
          "taskID:8": "bq_standard:retrieval",
          "index:3": 1
        }
      },
      "questID:3": 290
    },
    "291:10": {
      "completed:9": {},
      "tasks:9": {
        "0:10": {
          "completeUsers:9": {},
          "userProgress:9": {},
          "taskID:8": "bq_standard:retrieval",
          "index:3": 1
        }
      },
      "questID:3": 291
    },
    "292:10": {
      "completed:9": {},
      "tasks:9": {
        "0:10": {
          "completeUsers:9": {},
          "userProgress:9": {},
          "taskID:8": "bq_standard:retrieval",
          "index:3": 1
        }
      },
      "questID:3": 292
    },
    "293:10": {
      "completed:9": {},
      "tasks:9": {
        "0:10": {
          "completeUsers:9": {},
          "userProgress:9": {},
          "taskID:8": "bq_standard:retrieval",
          "index:3": 1
        }
      },
      "questID:3": 293
    },
    "294:10": {
      "completed:9": {},
      "tasks:9": {
        "0:10": {
          "completeUsers:9": {},
          "userProgress:9": {},
          "taskID:8": "bq_standard:retrieval",
          "index:3": 1
        }
      },
      "questID:3": 294
    },
    "295:10": {
      "completed:9": {},
      "tasks:9": {
        "0:10": {
          "completeUsers:9": {},
          "userProgress:9": {},
          "taskID:8": "bq_standard:retrieval",
          "index:3": 1
        }
      },
      "questID:3": 295
    },
    "296:10": {
      "completed:9": {},
      "tasks:9": {
        "0:10": {
          "completeUsers:9": {},
          "userProgress:9": {},
          "taskID:8": "bq_standard:retrieval",
          "index:3": 1
        }
      },
      "questID:3": 296
    },
    "297:10": {
      "completed:9": {},
      "tasks:9": {
        "0:10": {
          "completeUsers:9": {},
          "userProgress:9": {},
          "taskID:8": "bq_standard:retrieval",
          "index:3": 1
        }
      },
      "questID:3": 297
    },
    "298:10": {
      "completed:9": {},
      "tasks:9": {
        "0:10": {
          "completeUsers:9": {},
          "userProgress:9": {},
          "taskID:8": "bq_standard:retrieval",
          "index:3": 1
        }
      },
      "questID:3": 298
    },
    "299:10": {
      "completed:9": {},
      "tasks:9": {
        "0:10": {
          "completeUsers:9": {},
          "userProgress:9": {},
          "taskID:8": "bq_standard:retrieval",
          "index:3": 1
        }
      },
      "questID:3": 299
    },
    "300:10": {
      "completed:9": {},
      "tasks:9": {
        "0:10": {
          "completeUsers:9": {},
          "userProgress:9": {},
          "taskID:8": "bq_standard:retrieval",
          "index:3": 0
        }
      },
      "questID:3": 300
    },
    "301:10": {
      "completed:9": {},
      "tasks:9": {
        "0:10": {
          "completeUsers:9": {},
          "userProgress:9": {},
          "taskID:8": "bq_standard:retrieval",
          "index:3": 0
        }
      },
      "questID:3": 301
    },
    "302:10": {
      "completed:9": {},
      "tasks:9": {
        "0:10": {
          "completeUsers:9": {},
          "userProgress:9": {},
          "taskID:8": "bq_standard:retrieval",
          "index:3": 0
        }
      },
      "questID:3": 302
    },
    "303:10": {
      "completed:9": {},
      "tasks:9": {
        "0:10": {
          "completeUsers:9": {},
          "userProgress:9": {},
          "taskID:8": "bq_standard:retrieval",
          "index:3": 0
        }
      },
      "questID:3": 303
    },
    "304:10": {
      "completed:9": {},
      "tasks:9": {
        "0:10": {
          "completeUsers:9": {},
          "userProgress:9": {},
          "taskID:8": "bq_standard:retrieval",
          "index:3": 0
        }
      },
      "questID:3": 304
    },
    "305:10": {
      "completed:9": {},
      "tasks:9": {
        "0:10": {
          "completeUsers:9": {},
          "userProgress:9": {},
          "taskID:8": "bq_standard:retrieval",
          "index:3": 0
        },
        "1:10": {
          "completeUsers:9": {},
          "userProgress:9": {},
          "taskID:8": "bq_standard:retrieval",
          "index:3": 1
        }
      },
      "questID:3": 305
    },
    "306:10": {
      "completed:9": {},
      "tasks:9": {
        "0:10": {
          "completeUsers:9": {},
          "userProgress:9": {},
          "taskID:8": "bq_standard:retrieval",
          "index:3": 0
        },
        "1:10": {
          "completeUsers:9": {},
          "userProgress:9": {},
          "taskID:8": "bq_standard:retrieval",
          "index:3": 1
        },
        "2:10": {
          "completeUsers:9": {},
          "userProgress:9": {},
          "taskID:8": "bq_standard:retrieval",
          "index:3": 2
        }
      },
      "questID:3": 306
    },
    "307:10": {
      "completed:9": {},
      "tasks:9": {
        "0:10": {
          "completeUsers:9": {},
          "userProgress:9": {},
          "taskID:8": "bq_standard:retrieval",
          "index:3": 0
        }
      },
      "questID:3": 307
    },
    "308:10": {
      "completed:9": {},
      "tasks:9": {
        "0:10": {
          "completeUsers:9": {},
          "userProgress:9": {},
          "taskID:8": "bq_standard:retrieval",
          "index:3": 0
        },
        "1:10": {
          "completeUsers:9": {},
          "userProgress:9": {},
          "taskID:8": "bq_standard:retrieval",
          "index:3": 1
        }
      },
      "questID:3": 308
    },
    "309:10": {
      "completed:9": {},
      "tasks:9": {
        "0:10": {
          "completeUsers:9": {},
          "userProgress:9": {},
          "taskID:8": "bq_standard:retrieval",
          "index:3": 0
        }
      },
      "questID:3": 309
    },
    "310:10": {
      "completed:9": {},
      "tasks:9": {
        "0:10": {
          "completeUsers:9": {},
          "userProgress:9": {},
          "taskID:8": "bq_standard:retrieval",
          "index:3": 0
        }
      },
      "questID:3": 310
    },
    "311:10": {
      "completed:9": {},
      "tasks:9": {
        "0:10": {
          "completeUsers:9": {},
          "userProgress:9": {},
          "taskID:8": "bq_standard:retrieval",
          "index:3": 0
        },
        "1:10": {
          "completeUsers:9": {},
          "userProgress:9": {},
          "taskID:8": "bq_standard:retrieval",
          "index:3": 1
        }
      },
      "questID:3": 311
    },
    "312:10": {
      "completed:9": {},
      "tasks:9": {
        "0:10": {
          "completeUsers:9": {},
          "userProgress:9": {},
          "taskID:8": "bq_standard:retrieval",
          "index:3": 0
        }
      },
      "questID:3": 312
    },
    "313:10": {
      "completed:9": {},
      "tasks:9": {
        "0:10": {
          "completeUsers:9": {},
          "userProgress:9": {},
          "taskID:8": "bq_standard:retrieval",
          "index:3": 0
        },
        "1:10": {
          "completeUsers:9": {},
          "userProgress:9": {},
          "taskID:8": "bq_standard:retrieval",
          "index:3": 1
        }
      },
      "questID:3": 313
    },
    "314:10": {
      "completed:9": {},
      "tasks:9": {
        "0:10": {
          "completeUsers:9": {},
          "userProgress:9": {},
          "taskID:8": "bq_standard:retrieval",
          "index:3": 0
        }
      },
      "questID:3": 314
    },
    "315:10": {
      "completed:9": {},
      "tasks:9": {},
      "questID:3": 315
    },
    "316:10": {
      "completed:9": {},
      "tasks:9": {
        "0:10": {
          "completeUsers:9": {},
          "userProgress:9": {},
          "taskID:8": "bq_standard:retrieval",
          "index:3": 0
        }
      },
      "questID:3": 316
    },
    "317:10": {
      "completed:9": {},
      "tasks:9": {
        "0:10": {
          "completeUsers:9": {},
          "userProgress:9": {},
          "taskID:8": "bq_standard:retrieval",
          "index:3": 0
        }
      },
      "questID:3": 317
    },
    "318:10": {
      "completed:9": {},
      "tasks:9": {},
      "questID:3": 318
    },
    "319:10": {
      "completed:9": {},
      "tasks:9": {},
      "questID:3": 319
    },
    "320:10": {
      "completed:9": {},
      "tasks:9": {},
      "questID:3": 320
    },
    "321:10": {
      "completed:9": {},
      "tasks:9": {},
      "questID:3": 321
    },
    "322:10": {
      "completed:9": {},
      "tasks:9": {
        "0:10": {
          "completeUsers:9": {},
          "userProgress:9": {},
          "taskID:8": "bq_standard:retrieval",
          "index:3": 0
        }
      },
      "questID:3": 322
    },
    "323:10": {
      "completed:9": {},
      "tasks:9": {
        "0:10": {
          "completeUsers:9": {},
          "userProgress:9": {},
          "taskID:8": "bq_standard:retrieval",
          "index:3": 0
        }
      },
      "questID:3": 323
    },
    "324:10": {
      "completed:9": {},
      "tasks:9": {
        "0:10": {
          "completeUsers:9": {},
          "userProgress:9": {},
          "taskID:8": "bq_standard:retrieval",
          "index:3": 0
        }
      },
      "questID:3": 324
    },
    "325:10": {
      "completed:9": {},
      "tasks:9": {
        "0:10": {
          "completeUsers:9": {},
          "userProgress:9": {},
          "taskID:8": "bq_standard:retrieval",
          "index:3": 0
        }
      },
      "questID:3": 325
    },
    "326:10": {
      "completed:9": {},
      "tasks:9": {
        "0:10": {
          "completeUsers:9": {},
          "userProgress:9": {},
          "taskID:8": "bq_standard:retrieval",
          "index:3": 0
        }
      },
      "questID:3": 326
    },
    "327:10": {
      "completed:9": {},
      "tasks:9": {
        "0:10": {
          "completeUsers:9": {},
          "userProgress:9": {},
          "taskID:8": "bq_standard:retrieval",
          "index:3": 0
        }
      },
      "questID:3": 327
    },
    "328:10": {
      "completed:9": {},
      "tasks:9": {
        "0:10": {
          "completeUsers:9": {},
          "userProgress:9": {},
          "taskID:8": "bq_standard:retrieval",
          "index:3": 0
        }
      },
      "questID:3": 328
    },
    "329:10": {
      "completed:9": {},
      "tasks:9": {
        "0:10": {
          "completeUsers:9": {},
          "userProgress:9": {},
          "taskID:8": "bq_standard:retrieval",
          "index:3": 0
        }
      },
      "questID:3": 329
    },
    "330:10": {
      "completed:9": {},
      "tasks:9": {
        "0:10": {
          "completeUsers:9": {},
          "userProgress:9": {},
          "taskID:8": "bq_standard:retrieval",
          "index:3": 0
        }
      },
      "questID:3": 330
    },
    "331:10": {
      "completed:9": {},
      "tasks:9": {
        "0:10": {
          "completeUsers:9": {},
          "userProgress:9": {},
          "taskID:8": "bq_standard:retrieval",
          "index:3": 0
        }
      },
      "questID:3": 331
    },
    "332:10": {
      "completed:9": {},
      "tasks:9": {
        "0:10": {
          "completeUsers:9": {},
          "userProgress:9": {},
          "taskID:8": "bq_standard:retrieval",
          "index:3": 0
        }
      },
      "questID:3": 332
    },
    "333:10": {
      "completed:9": {},
      "tasks:9": {
        "0:10": {
          "completeUsers:9": {},
          "userProgress:9": {},
          "taskID:8": "bq_standard:retrieval",
          "index:3": 0
        }
      },
      "questID:3": 333
    },
    "334:10": {
      "completed:9": {},
      "tasks:9": {
        "0:10": {
          "completeUsers:9": {},
          "userProgress:9": {},
          "taskID:8": "bq_standard:retrieval",
          "index:3": 0
        }
      },
      "questID:3": 334
    },
    "335:10": {
      "completed:9": {},
      "tasks:9": {
        "0:10": {
          "completeUsers:9": {},
          "userProgress:9": {},
          "taskID:8": "bq_standard:retrieval",
          "index:3": 0
        }
      },
      "questID:3": 335
    },
    "336:10": {
      "completed:9": {},
      "tasks:9": {
        "0:10": {
          "completeUsers:9": {},
          "userProgress:9": {},
          "taskID:8": "bq_standard:retrieval",
          "index:3": 0
        }
      },
      "questID:3": 336
    },
    "337:10": {
      "completed:9": {},
      "tasks:9": {
        "0:10": {
          "completeUsers:9": {},
          "userProgress:9": {},
          "taskID:8": "bq_standard:retrieval",
          "index:3": 0
        }
      },
      "questID:3": 337
    },
    "338:10": {
      "completed:9": {},
      "tasks:9": {
        "0:10": {
          "completeUsers:9": {},
          "userProgress:9": {},
          "taskID:8": "bq_standard:retrieval",
          "index:3": 0
        }
      },
      "questID:3": 338
    },
    "339:10": {
      "completed:9": {},
      "tasks:9": {
        "0:10": {
          "completeUsers:9": {},
          "userProgress:9": {},
          "taskID:8": "bq_standard:retrieval",
          "index:3": 0
        }
      },
      "questID:3": 339
    },
    "340:10": {
      "completed:9": {},
      "tasks:9": {},
      "questID:3": 340
    },
    "341:10": {
      "completed:9": {},
      "tasks:9": {},
      "questID:3": 341
    },
    "342:10": {
      "completed:9": {},
      "tasks:9": {},
      "questID:3": 342
    },
    "343:10": {
      "completed:9": {},
      "tasks:9": {},
      "questID:3": 343
    },
    "344:10": {
      "completed:9": {},
      "tasks:9": {
        "0:10": {
          "completeUsers:9": {},
          "userProgress:9": {},
          "taskID:8": "bq_standard:retrieval",
          "index:3": 0
        }
      },
      "questID:3": 344
    },
    "345:10": {
      "completed:9": {},
      "tasks:9": {
        "0:10": {
          "completeUsers:9": {},
          "userProgress:9": {},
          "taskID:8": "bq_standard:retrieval",
          "index:3": 0
        }
      },
      "questID:3": 345
    },
    "346:10": {
      "completed:9": {},
      "tasks:9": {},
      "questID:3": 346
    },
    "347:10": {
      "completed:9": {},
      "tasks:9": {
        "0:10": {
          "completeUsers:9": {},
          "userProgress:9": {},
          "taskID:8": "bq_standard:retrieval",
          "index:3": 0
        }
      },
      "questID:3": 347
    },
    "348:10": {
      "completed:9": {},
      "tasks:9": {},
      "questID:3": 348
    },
    "349:10": {
      "completed:9": {},
      "tasks:9": {
        "0:10": {
          "completeUsers:9": {},
          "taskID:8": "bq_standard:location",
          "index:3": 0
        }
      },
      "questID:3": 349
    },
    "350:10": {
      "completed:9": {},
      "tasks:9": {
        "0:10": {
          "completeUsers:9": {},
          "taskID:8": "bq_standard:location",
          "index:3": 0
        }
      },
      "questID:3": 350
    },
    "351:10": {
      "completed:9": {},
      "tasks:9": {
        "0:10": {
          "completeUsers:9": {},
          "userProgress:9": {},
          "taskID:8": "bq_standard:interact_item",
          "index:3": 0
        },
        "1:10": {
          "completeUsers:9": {},
          "userProgress:9": {},
          "taskID:8": "bq_standard:interact_item",
          "index:3": 1
        },
        "2:10": {
          "completeUsers:9": {},
          "userProgress:9": {},
          "taskID:8": "bq_standard:interact_item",
          "index:3": 2
        }
      },
      "questID:3": 351
    },
    "352:10": {
      "completed:9": {},
      "tasks:9": {
        "0:10": {
          "completeUsers:9": {},
          "userProgress:9": {},
          "taskID:8": "bq_standard:retrieval",
          "index:3": 0
        }
      },
      "questID:3": 352
    },
    "353:10": {
      "completed:9": {},
      "tasks:9": {
        "0:10": {
          "completeUsers:9": {},
          "userProgress:9": {},
          "taskID:8": "bq_standard:block_break",
          "index:3": 0
        }
      },
      "questID:3": 353
    },
    "354:10": {
      "completed:9": {},
      "tasks:9": {},
      "questID:3": 355
    }
  }
}