{"stat.flyOneCm":145690,"stat.deaths":2,"stat.walkOneCm":5663,"stat.jump":71,"stat.swimOneCm":2727,"stat.playOneMinute":9924,"stat.entityKilledBy.Zombie":1,"stat.fallOneCm":1312,"stat.climbOneCm":28,"stat.useItem.spartanweaponry.crossbow_diamond":38,"stat.sneakTime":228,"stat.damageTaken":483,"stat.damageDealt":25,"stat.crouchOneCm":139,"stat.killEntity.firedragon":1,"stat.timeSinceDeath":7941,"stat.entityKilledBy.mod_lavacow.scarecrow":1,"stat.sprintOneCm":9219,"stat.mobKills":1,"stat.useItem.minecraft.stone_slab2":4,"stat.diveOneCm":186836}